V000132,45e9b4b9d2a44a78ab0fbabf1a49ea7f
A000055,cdc36ffaf0544515bc9588cfe52e611d
A000069,ae21d1af545f4940a60cbe9db77afff4
A000109,15f85e92cd9941b0b25d4489161fc2ac
A000210,17ff7339681646d497966cb615990f22
A000357,f5caef713dbd49fd81689bc4958d8fae
A000358,28e6cce459e74dcbb575fa05def946e3
A000360,cdcebbfbaf414fbcb6680823a0b96011
A000361,09e41498c9ea48fd9d285e70579f4c06
W000413,e8b0cb4d6afe4573a949362db4db3183
W000779,37c3918ebae94262bc20c0ca1625ea3e
A000371,
A000363,543551b0ec1f49559b104eca8ff75c02
A000364,eabd1e38012549b0ab021530fa08f8f1
A000366,e74ce5a56f314b2b975f2b4d569d69fe
A000368,3455d3317f2c402b85cb9a9313e5a328
A000369,27cde3a658f540cbba16a348524daf04
A000370,20d8ad3ba2584eaba05201a1df791c10
A000372,
W000794,2ef41e7182ba4db6b5c27f18fd178e31
A000374,0d183d1e0aa7482e9e22b0558a68b9e1
B000072,f98dce05d5af412fa08e4208236c90cd
B000208,a0ec0c8a79524903bda3221e9086783a
B000213,b8e5ada20f684e0d86db2fef940e26ac
B000220,a95f3e0dc40e4eb58802d0eef8efa297
B000243,391d5480e1d94fed805a84cb28f898a1
B000287,1a5c0786629848bf961a075ef83400a5
W000803,bfbf1ab73bb14028bae4b25ba11d7d0c
B000410,28cf1bb4dfa148e7a025513bbda51f7e
B000420,db5a12384e7e4fcd8ce168a71ccf9b56
B000444,bb7109816cb44622be17ec7b0d642171
B000461,1927b0277602411da8d2a0050b3c172f
B000468,5541555224d24bf7b48657589d6c7ad9
B000490,69b068c312384b38abf3fb2d2bfc4cdb
B000574,bbfb51c7fc764ad38f6298b35ee05829
B000575,fdde6f716afa4bb4963424ffe3dd8488
W000811,69597e34d07545abb4e2f8494865d504
B000611,1d1a93c51a0f4c748fbd13ddfd4c647f
B000657,34f35f70014d4852b631d6c4d3ce079f
B000711,516938dc439c46ac9394a3c449717ac8
B000716,539581bfae27483086c096c1cc2d8f10
B000755,7edb99d5f74f492a8dd42af2941cd62c
B000911,9a5019c0036d4badb0e385efb0cfb375
B000944,cc957cde864c4442ac7957f6aea99d7e
B001264,ca270d8007324ea5b9335ca77358e8ee
W000812,77c92a08ba9c4258a31cfebc9796bc5c
B001066,e4250367753f43ccb005b37c742ef2f5
B001149,515134ca6d49495aa9fb097a00e0f8ed
B001203,e1670cb295fb4a24bc0a4987ce002be4
B001210,b1367023d66c4d6babefde6d818270c1
B001227,5322864fab2c4964b39835a51bcbd4a8
B001228,c84a4c8d94cb4768b697de1f99e00f9e
B001229,342bf390cba446ca9583adc0dccd96ad
B001230,67f83a4806e043ea82ce29f2cf194ce6
W000817,42ccd9758603419ba38a2546d96a0f02
Y000031,98052dcd66e24450ab5ed63482af47cb
B001232,372fa430380d488da5020fc05a69d88f
B001233,0b80b674f3d142e99f1d4784511becce
B001235,df5301e934be41bb835a507bca6273b2
B001239,50337533e648415d82d182f2ae644a9a
B001242,877ecf97fbad44fcad6cf10ec69b65c6
B001243,93568aa9bb0e4b9eb8da00e4ae83339c
B001294,18b826d561bc4327a8f4de58cfde7288
Y000033,d3255cc3aabc4b68ab2c798d9e27d95f
B001245,34a1a4b229f9435fb4ad86f43141fcff
B001247,e4b2a9d0ca0b4c39bb35aabec12757d5
B001248,485c7db7d8184909838502fece949f5e
B001250,d7cf3862971b41b5ac5a892036634f57
B001251,7f5d375d86d84fbf9d97bfc6682a362c
B001252,6b05171acd604a0c951570e01a88e3bc
B001253,e11cb2a0d0ec4f4f966dd1e8812ad63d
B001254,c6a27284c7804530b63d9f6c95c1e361
B001256,86b2f97e11fc4a87be8d621fd46fc7e6
B001257,acca025fab5a42a58eb102ab71f16a79
B001258,d914033ae195430686546c8282bb808a
B001259,af2b64366ab344838ddd6352ffb223dc
B001260,54b5cccd77e847e0877c0c176569309b
B001261,68655d30048b451caee7d70688803273
B001262,62f82d760a0e42d18b84c0fcaab1c823
B001263,84479a6fc4194229b711ee94e539a7e6
B001266,c852c26ea375407f82fb1a53bb8ca006
B001267,a7d2f5d4dea44620bd4c4ca2ee170d88
B001268,8b7c462fb6a64ca49b8163dc2ee1775a
B001269,07d5f165d18f4b3f9e972ef53ffba680
B001270,c51ee2bfc15a4d908eb375217ff49fac
B001271,55edf9f53c664847aeec8ff393116b67
B001272,06c3f03746c44a78a4fd3e135df4e5c3
B001273,40e894ae4b004f8fa109efcdf8c6a76e
B001275,fe6b3b26906e422e93128cadec31c69d
B001276,d7aa6ba31d8744dda3cb823c6e0a3227
B001277,909913983c33463790a36e6aefb7444a
B001278,78ff25953bbe4d79a069d9492b48ad90
B001279,a178e9d5b57549abb8922afe0d2ef3d5
B001281,58cc4fd6731c4962a259682abeeba9cc
B001282,efd14beda7564bb990608ab208ecbe43
B001283,4c58030df55242c49bad3a409968ea41
B001291,
B001285,e50d0a76698240a19cdcdca2667ed20c
B001286,74223faf20b74b1ca706535644558c19
B001287,67002af8decc478585c48192c7b70dd4
B001288,6aaa090b767c491e9f8e8d1f13f54478
B001289,7dcd1923029943c1ba7d75d801cc777c
B001290,4541570eea784adc801a0d8a2b4143da
B001292,9b6e47f58c274a8fa23d2b0ebc6b33e8
B001293,10e2d2c18d7d4fd68052b5b08a2c8356
B001296,6f470ffb29214a66952059bfd9bddb1a
B001297,a23cb4d5564444f1b9511bdf7ff604f8
C000071,bef0722c43dc482299d75fa90f163944
C000116,bafe5730c74b40e29fb06b71113d746c
C000141,8ff25ab60758494c8b64d66017e87670
C000174,68dd7ccd3e1141c1a7050627d87cd253
C000191,a383deaff9ea423bb3d8dea71946b8f9
C000266,2bcadb6dfa234cbaa3b82725eb5fc4a2
C000286,973e8abe73204b68bc5805a332c8f88f
C000380,6a072a5bdb8f4eb28690031efd16bfbf
C000537,c8eb2a17f271433885ca8e8872eb0e7a
C000542,058d2dea4e8c41f5a31ecf92210f0510
C000556,e13fd883959744d69c1dcf243443a7f0
C000567,a607dfef822840498b9da16ad8006057
C000754,3ed27bb3c6f549428031a7333b377039
C000858,4f45b313db09421895b472f217848334
C000868,b4d1577e73264f7aa6564773243812c1
C000880,729994cf91aa47b3b9bab09bb561592b
C000962,d93fd253e98f49b59a5dca7234d58ef7
C000984,91d209e6d96548d6a240ecdb6bbc0491
C001079,d88e930b359042598ef886d76f4ff523
C001036,f1dc1fa1e8ac4f2aba4d2a15909e429c
C001037,3cee7473c2ae4526a72d50e784b0faac
C001038,eedb117c2f9f44a6ae15b8cccfb5b0ab
C001041,597e02e7d1b04d83976913da1b8e2998
C001045,5854eb9cd9da4017afdbd98854dc8904
C001046,f06d74b4063a4081bd929738ecf80194
C001047,aac4b4e13e554061be7a38f4229daa7d
C001048,12e92e03b21f40208d678296e40baf91
C001050,d4dc18cf8d8346019b6f3b94cb68902b
C001051,19b37df97ee248b5959a9e672cfc79db
C001053,f7ee773191fb474ca9ebe5ceb2db2ac5
C001056,61d00a149f0b4f9facc635dd9a3503f9
C001057,50f4181705d245188865af4009e4b9a6
C001058,bd237e4ae7104c06941c0539431f0629
C001059,9465a6fe0c1348a3add3a07340965fb8
C001060,a408b865945547ec93760483bb6cc52e
C001062,dd9b363b32614d36bc44ca39188e25a3
C001063,1a82c65424d4492eb14f484f50317177
C001064,4f44f713073e4136a97d7f80232e60d9
C001065,e4545f65a4b84d228875f259514b06c0
C001066,22a4f5a7316245dc9ec38941732d398e
C001067,8c09ee1f2f314e32ac166efa2acef2d9
C001068,6552a8bde0d14af9b26fbb767ce2af04
C001069,1fd892f6fba0433da6db1ba9fa969f7c
C001071,30ffbb5bc8784aab9dc7c64ceea5aaf6
C001072,1d1c12df45984293b60a040181ac231b
C001073,adaee8ba619d43bcb59968a8655ab2f6
C001074,0cfe15095dc94deaaf3930544fc54c26
C001075,724698e65db74b89920ad539974078d4
C001076,030bed2e80e54303b9ef68d17a98587f
C001077,9db6c9cf76ab4ce59bb44ae0a01023e7
C001078,7b8acbba05d0487aa74356852d6b4f92
C001081,a26d4d7dd1754d4a863d55087a52b2a8
C001082,b472f775845e41fcaa527952b75894a3
C001083,dcf7868accc44faa84577500a16cef3b
C001084,2619e5a74bb54ccbb3df5a0cacedae6f
C001085,f3bf405b307a46e8a586456ab85da9a5
C001086,84ed292090264b29958cb55388e7c633
C001087,d2c870b5b50f44d085efba9983d72ca3
C001088,a104e0ca25454f99831ef09ea0702aab
C001091,e1b1bacec988471fa1e4aa7d4c6dd3f5
C001092,0750724106ff4219b20dbaf049923e7f
C001093,b0a7a96cc6d94a2dbc788a4c70a038de
C001094,91c392cac8294936bf2597662a68f720
C001095,d2644b99b041456db25eadbc5705420c
C001096,84f09c52074c45fa8fe4de5f183b8782
C001097,94b591c38db04ce08702d7001aee3bb2
C001098,11b86e4675ad46da80a0c00af4f1f66b
C001102,
C001106,
C001103,bb339eff9e384dca879668f20dbe229d
C001105,3bd2f984a809490ca9dfa40299b7564a
C001107,9a50c1d166b54bfd971c463f05cf20b9
D000096,776e8941d0cc408e9cc9cdfed00c6ce9
D000136,702bce814b6a4d3b8f8226ab8eda7463
D000168,5cf92b855c2d43aa94676c4459a52f24
D000191,582eebf9f66b4c05a93b7088f1c0b291
D000210,9d411665b73b4dd7a53e635331de5176
D000216,dc6627f40ac04f79b589d93b344ec405
D000299,2f03902a00504584b9bd3da828c0b724
D000327,cfe8505ad83442a693c81fd3eb4b93ee
D000355,c91f544f18ce4c91a49cc47cd5a1d53b
D000388,780a90ac5cf842c8b14e7577a01cfe91
D000407,1ab44c132647421ca739c94793dad503
D000429,11d7cad33bc642d7b663d1b47ec09595
D000492,6e0924968dca4fe9acb83f46a75507dc
D000563,4e1c4ae720fb45fcaca0afc9a098dc97
D000595,049bcf8f44e94368816f401ecc15bcb8
D000597,64bbc28f23fc4a78b462e8c80aa429d6
D000598,71f39e9eddf441fd81b879f37f409d87
D000599,64d765ef81d64da7aa9994996ef2ff8a
E000187,2f18c9bbde154301b0d3d7d59b9d44cb
D000601,0b74a2a348224a669bfab008668b8e95
D000602,6d75823b36dc4d34a8a66f471a142684
D000603,23c12230cd9348dbb4a080c6e0d1bdea
D000604,9b07e0db2a53439b9c33ef057ec7c7ae
D000605,264cf79e3bb840c99637ac39dc5190d0
D000606,15495fd00088440aaba4fbce50745c57
D000607,4d86ffd297c84c059577c0afe4f8d0ee
D000608,4d64691c6fd74174b129393d2db4ac9c
D000609,822ee446d04c41098df0905ccbcbde16
D000611,95db3ba616f94b5d81cbfc22a5618e1c
D000612,354bba689d2f4f8fbbe3f6453640e1b8
D000613,0c2fc448f2274e3ea7efe8c22f9487e5
D000614,26baf916498d475c9e059292b2aa9221
D000615,af5049e8f75e453aba2dc52c74736153
D000616,535dcd88828a4435a184fe97aa6ee840
D000617,813d5453af714b5d9dc930a14a2f9c9f
D000618,349b84f5a2734a0d82efd79198bc3a61
D000620,db6c5cb9ef344e21876350317992fcec
D000621,ce09ef0870b84cabb28f215fb1aeaae7
D000622,5177a0f2fb664404a7abb21340ddc4a8
D000623,6a1c0b8cb3e94690abafd614f60b722f
D000624,044e8303b3a441d5b5808e69ee0116e4
E000063,383358e0bd9240bb9e0425fdd01d8895
E000172,9139a6df0e1341e4b3be3b3d262b8c34
E000179,69f14861caec4a748738d99435efb152
E000226,f80e9dacac6b485586058aad8f7a15dd
E000268,4c0cd86e918448ef94d2eff4bb1ce0b7
E000285,dc6eed27523d4c3592b95461d8cdc906
E000287,dd7f5db7e246496d9ff3e8f952bdb4fe
E000289,74f05ed60ada4307b17646f1342e6321
E000290,340b9524e8674d4687209e70c262c194
E000291,10e885e35c4b44f1a1c5b7ffec6ef6a3
E000294,1192dbddb64941fe8db4b7ddf56ed66e
E000295,6e97f925b8bf4d56969cc79091424af8
F000030,a3188f6aa48445708de07524be248bb4
F000043,e81074f166824f819c77499eeee0f782
F000061,06385fb16b624ac284b844ed177f7e95
F000062,452da69c63cd4f97b7bb141cff87ad92
F000116,6fd268b6b54947cdbb4d92f354be5cd1
G000557,11b227759da540e5905f28a49e6bc78c
F000440,6604df0394a34b23b38cea5d6078bfc6
F000443,006647e04ce64cc0a8a0d46e45b390ac
F000444,be44f82d0528410fa74c71c886a152f5
F000447,2e044c0ecd734c869d20439497cd1712
F000448,8d13019467b2459eaad79c5073288bd4
F000449,11dea6adeeb143ad9a16e055e169dce0
H000666,51f1d7c05dc84bc595ff9c6e633994bf
F000451,736f841f7ac14bc08cabe8a2184e92d4
F000452,7eed2e15a1d7444fbff8d4c606e4266c
F000453,4c7032f2b17849a08fe2a2e7823132c5
F000454,3e192fde2cda4ca291a9850ad43776fb
F000455,9c04bdc2bc72493e961f8d08ba20678b
F000456,72f8b24533e64b4ab46a83a452c97a09
F000457,2356932a051f4ab796df1f26878f6f4a
F000458,69a2b9ba546749a4b1cf27c979c70b59
F000461,bfbd544a93a3498984b3aca162fff67e
F000462,e5cd368a7c6c41ebb3049213dc769f21
F000463,9f2a31bcb6c646ad91d6622a4f12dc6e
G000180,087d8ef452ab4fd29158eed6890b2e74
G000210,103dc18699004dad910b99bdbd2eb8d6
G000280,173421d5668f4dabb73fc81b74bda321
G000546,4e5b9ede53f9487d88ce1a4e95d65cee
G000309,9b2fc46c69b148de8622dfaaab0548f1
G000359,7adf2419ade14af595b4cfa666348e46
G000377,bac9ce5a3df84c5a8bb080aca463f48c
G000386,4ab0220a12ff45a3afa92a8b59e52229
G000410,151876cf4e3946f49c6afcb9be23de1a
G000445,16685e69faeb4475b16a68aeb8900579
G000535,d5a49e57b03a47f6a89287559df7e091
G000544,4dacad7f01d347b78b29a74ea096ea8b
G000549,0a45a2621e79498a8ba264eedbe0624b
G000550,96a92ecaf7d04eacb4cca1d56c8674c0
G000551,40a486bee904460d8ccc262be2a01bc4
G000552,8eb91bccebd24411a67680a2601d1335
G000553,d6ba2df590cf4be293836f93e53991c4
G000554,e4bae6338f314df89432e38df13c18df
G000555,5133536fdc44445695adf6f244ee69c9
G000556,eeed2827524c44caad7134208a994fc7
G000561,
G000559,796fb2218ed84a939744b88dc1e7fecb
G000560,2d48b2c73ef54ea18cdb6b6ab6004be9
G000562,30438b80959243e0816870cea724b0a7
G000563,13fda665a73849099d22f59f24bac77e
G000564,a3f0e6d5423048299f57b94aec854d2e
G000565,bf26c4574ec744038ad724a9494c40ef
G000566,7d251247056c429c9ece4d1adb852289
G000568,415b606ca61a455588b84e25a7900ad9
G000569,921275ee24634b6ba30fb9d7cc0e9ff5
G000570,6e2793151215468aa942c5d3fe3b661a
G000574,66d66e4517364cf7aa0862461eb23e4e
G000575,b7ed853215d142918e23efe993c451f2
G000576,b56745ec31e6400e81c11c1205099c8b
G000577,5fb303af67234de9952e546700736077
H000067,67ae50cb45fa47c6866aa6c029adbff8
H000213,cadd08c0f4004c6590a74fc1caf6ba28
H000323,0f14b8ef0e904dc6922135d3560e0f8c
H000324,3b98e5b2ffee4d809da186ed56c5be3d
H000329,ab2c546d4cd944a9904268803211029c
H000338,e5aa63ec4a0746fbb9961b325ddb3627
H000528,6cafaf084bd548d6b1e3f868f7ada001
H000627,5251314da0ad4862b188162b4c69fb39
H000636,827ccdda9277476fbac877ca5e8f9aa2
H000712,f7e12a4bf31d4c00ab680f7e9b709279
H000762,ca2436b01646469db5d152a579204e3a
H000874,4bf3c6ea1d7f420c965a91945b435ea8
H000948,852175916ac649e8a8a0f3361857e5f1
H000981,0cf27867aeb14b4883c2c7a68f5c6e51
H001016,967babfa02094120af17d5b0be021f32
H001028,c80123d4a8e546eb8e24413ecfc6a24c
H001029,7a5ee134702945a88c958a6136ba8333
H001030,5326bbb4c38449769f6a484bb4746735
H001036,c6a0bc7ec625492a9582fc6b83274583
H001037,569f102615ef48e78412b8ba46ea7b57
H001039,608089bdb1764721b4b660d587727998
H001040,8d1bb6a68da04f63ba886339d8371b98
H001041,ba79864862954007883d2b89c0ebfd43
H001042,79f92c32d0a244009c8c296dd4daff30
H001043,321c057ebd654ee8b767e7288bd19963
H001045,b0c9963424bf4ec5a1c14bb7dde0bdfd
H001046,43af19c32e1b469d8f9d07d40b3e8ed7
H001047,04763defbce9498c935862ab6cb5b51f
H001048,ceed871e43774c76896f80127cac9aef
H001049,718908ac89274ef68aecd98c33f40ebd
H001050,3f4ac7b9b1d34cabacaf7d9ef6efb69d
H001051,41f2fc48802c4dd4923f24e90d93a58b
H001054,ffc494d093734452b29660b824c2e341
H001055,e05b378129cb49c7aa41ecf5ba0a7751
H001056,348e2c77804843218ea1e0827cb0b52d
H001057,9a630407d1fb49f5b579dad3743969ce
H001058,a1b346a0010143a89a5d46397033dd24
H001059,ed68fa1a00214e358154316a6c72c727
H001061,490d2d8bd1b84045bacd49202103da0a
H001071,
H001064,22042d9487784aec8d0229f66111307b
H001065,a914727a471f426db139f78377dd17cd
H001067,031dda1de21c40b6be5d2b7b9fbb95af
H001068,da3bd71fb3bd4596834779cbeea8f01e
H001069,1dfbcae9120b4d3db8b96174c08788b4
H001070,510f223ab6f94353bac16c1bb3574e37
H001072,7d6bf787d44940af84e818ab7d2ea62a
I000023,ff6782029add4577b4a8c70d3cdb54cd
I000024,ca558ba5501e46cfb2fa2ac09505c5b7
I000025,684176410b3f4094a1a779bc43144509
I000026,5c832c5d1045402da232729a1dd98e2c
I000055,e1b31b036bf4439e80d0bc115b842c62
I000056,41f7c1fe506b4a10a13e63edebff8d45
I000057,85400c98a061440fa780897a6621db56
J000032,eda31b0d8eee41d98e06c75888e792ce
J000174,91420bbbdf034aac8c807a577e7e62da
J000177,80583dfc5fc1447e9a58bbcab85e8d1a
J000255,b17f275d043449049b00eff387787a64
J000283,856f89e7052f4386a0c123a89be790f6
J000284,9bd4ac5861db4277abb8fc7029883c08
J000285,71363a60af9d4e17afef449164eb8276
J000287,ab3a901b3e7842d9a996cc92e8c89651
J000297,11dcc928bbb64868a716f7ba41dd6109
J000289,28852ad81c0d41a89363f7771d5dc028
J000290,eb04a699748d4d4abc698d8fe2d94188
J000291,826d7c2a98c4454a8cf45d231f36a820
J000292,881b5fa153fa44f1a3c804aaf5a7bc84
J000293,84a1ab854d1849cdb3f44bdc013c75ce
J000294,9a8c54a7d48f4b96a16bd179ee071b44
J000295,e5c1ec153a2745a980abd31267824c8f
J000296,f7a9b8ea916a47509c49bcea3858e374
K000105,267fb761fd0f4815866863f6ccf1c248
K000113,86f57e0935264af2ba654b5c5b257a27
K000148,38538222db234f209777bbaa003ff6c5
K000172,de20941551664f648b2705789f222864
K000180,fce1c5997e994b1483b1c6f0ab3b5043
K000188,77c8009ae194484692833cafa0c22d44
K000210,ada5a2eb5d5a419b9fe732186ce96ffb
K000220,02b3c6f9a1ba458fbf9623e02cfd4001
K000336,d4407eb6730341758ad300fc09f6a8a8
K000352,f3b370d8e5104f48ab225cfbcc6b241e
K000360,048563d4685b4fcab08889881f066fff
K000361,e700163c32b848e4af7c207259dcb126
K000363,2a42e601cc4545e092aab2a057947c88
K000364,02c370b63f434f13803b82cef27e1d99
K000365,26582f50480f41559941f8d3c5051723
K000373,
K000374,
K000367,e7fa891e1adf4b5da1e1ef376af34a8d
K000368,af9761b97aa54a388f03421a6158a0ad
K000369,aecbd98046f545d092c00ae94a9291c8
K000370,630da12712384a788c6c35358840a54a
K000371,3c14516c6a1242e9aaf1030900c297bc
K000372,a2d7a439bd6542f38ec33d2d8cfef247
K000378,8d27d097226b41be8591ea09fed36eca
K000379,8ab2e59fbc124cc3981ec0c83aa49139
K000380,782b25bddadb4743a27f64ae128cb46a
K000381,4f6d955e291345bdbd955b84f3f26428
K000382,fc44a3ad9e1a4841a24b3149b82a04fd
K000383,af5bfe22f15c429b93b0aa4e57421255
K000384,7db99975439d4def9da803e1496a082d
K000385,73d577d9c2c3448a9fa43e50c54185d8
K000386,
L000035,b5f229d227ea4433891edb1c2131bcab
L000043,3fdbd7848e5046c7b8f3f6bc1b4687c5
L000090,0f720ec3c9344cc0972d75cea12270b9
L000123,f50475a4f7da43718ba089990ebb3b5a
L000174,f60e39e019054c1680861cd2c0e9c17a
L000261,ac1460cace1540fd97c17dab928c29f2
L000263,e2588145c2d64a70912a6bbabc214ab6
L000287,5fd8a4d7d8e6404588a0755a0358be15
L000293,5a018ccfd43647b3ade18dbbbe888e28
L000304,cc095eba56fa40c6bb74fa6d036bff9a
L000321,aff4d66345414776aa4bf9ff7505d416
L000397,424ac06f1c15404281e26017a21d4422
L000480,91708638ab1748d68df6218fbf26450f
L000491,ec605250c0cb40f3859a631d3e5645d1
L000504,6eb832878b29444fae179545ef24993e
L000550,bf3d2b7b2c0f436583c7c2845e507540
L000551,6d1ec9c94ae748c6b86cc250761c6b13
L000552,ce57bb1ea35542c690293b13715fb8ed
L000553,f994a3a0311448d5a22ea9cf1296b24a
L000554,c57d8c97afb24a36973accea41a97915
L000557,3b11c125326e44dea313c70f270a2697
L000559,2ade542c9ee6486ca063f8b0333e7608
L000560,4cc8661e10084bdca2aa022bd5f8835d
L000563,f2530a1171d54d6d9b8fb24991493f60
L000564,b2d0d2ff8df04961b13ac9253998f489
L000565,34ad57ffa65741f8bf3207e336dc4ae8
L000566,7bc4f7437dd542d7a9829c648af74f1d
L000567,77bdd01dbfb246c8860f2af60c4ba7fd
L000568,3607a0f9d90a47d995aaa63fd962a91e
L000569,efa5a740040444559a7a4bfe953ad021
L000570,64dfd7a675804e64ad1b3c12eba6c7fa
L000572,934a1f80be97446aae9be3193bace97d
L000573,6d1ca36002414ec99e21aad1990438ba
L000574,18617d11247548cc981bf89a50a92219
L000575,8458e7776d454ac68a24440fb69b199d
L000576,72078e8cb2a849738dc5949d30e9759e
L000577,c265edee5b3546d4851b15a85c7d3896
L000578,d0028899b257414790488de5ba58c23a
L000579,9e9d8b2c7b00445da4850c1429bcfb1a
L000583,
L000581,95e091b655834c44be79ca3e46370733
L000582,b53686adc5bc4d39a94a8cd53765984a
L000584,7360760d70394b48bacae9d6be7bb8ae
M000133,a9cc53410f90408bb89f91f2c3513e01
M000303,47d65b2f02ca4f55b93b53d05521feb4
M000309,e18ccccffc9c4b1086248ab8fdead1b2
M000312,d2be869dfbdc4fc29c70916e623e8785
M000388,88dcb18a0b084da6811a56e944963e38
M000472,75baf6c3178042309bdb987afddee415
M000485,a4c1a99aa50747fda4278b172cdc89a1
M000508,5120bd9522ca40ec97bed6f545e5a31c
M000590,80ee1b2fe85d42e8a0cc8119e08c3efa
M000627,465ecc7f446b4e85bcda94f91877846f
M000689,15b92482eefc46aa8f43083a62148f8f
M001197,
M000714,151d02dee27441418b3aabba6b7e2e5a
M000844,93e7ec56d174439ba2672df35cff0bed
M000933,1915c94342b64b72b35b417778cb5c7a
M000934,1a045bbdb4af4d25b0f07322ec59bd78
M001111,25c7a21fc53b400e8beaf99955f5bdef
M001120,08ded676b10048fea2fe3b78121e651f
M001138,de3260c571fa49008ab4578c1a4bdd31
M001139,fdc91d0ef9f24f1f9aaae0d54eafc03a
M001140,b08c51843f2f4a28832d1a1073beb8df
M001142,e334fa69690043a0b6118ade3001fda3
M001143,7f99871b176345a4b03827b179cef482
M001144,bfde006b53cc45f6a3e50e9567216518
M001146,9ac1df4cc6284e92b9f21b090d7caa0e
M001147,94eceb93585748e09f74728f1f63ab56
M001149,55cd304a9dfb4582b2c721470c25bce1
M001150,7b369da2010947e99e02c2e71bde91b5
M001151,c865447802d94f1bada09a548715015d
M001152,32c41b724955407ab25c5d5bf84347b8
M001153,6ca0e5538c194f00b7c30671264a057f
M001154,6664ccef190149a18b52465034399d6d
M001155,0bcd3fa0d6a1461d9e8e2948bd853c1e
M001156,c112b2bca6f342a98c31e5c87fffa35a
M001158,0cabf0ea074544408515ffcf5b6d8bef
M001159,6636768226854f89a071bff8f5a30bfa
M001160,8ec0f77d4e85471cb73eaeed922c580b
M001161,20ec1bed10ee437bafd960d80a2dccb6
M001162,0f982d0dca7740529c4c0e6769d2dca4
M001163,eb74c63546f640a4b59afa9ffdd43ca5
M001164,744ae01af8dc4ff2a7bf7f9910f26cfe
M001165,3385e1e1958a45aa887bfad3a520e3b0
M001167,88d9434117754665a5e6ceb45c5bc495
M001168,c8b3584dece84a958ef34d260e0f0211
M001169,5ec4325fba134e42b136ce5245fa0cd2
M001170,98af4916592648c4aa992d8db00e6e5b
M001171,db099c885ecb4f3ba910d0c7bb96d8dd
M001172,baded0b8e51c4397bb09a7be8e21295d
M001173,9bf8becbc10f478cbddb5416d7f2223b
M001174,9baedc19b633456c9800665c37bb25f4
M001175,171da2bff1404b0980b95ec41c1d472d
M001177,4dc37b519dfc470f9fd53cb6041dfebd
M001178,657835ca174b4975b2a69a54705ddde2
M001179,3af5f262689b417f8b7dd7a6e815f953
M001180,b290e7531b31446883253332fad1f693
M001181,3165dbb9c7c344a985fd38bc6ba0ce81
M001182,2ee714bfa1af48a3885846c078a81800
M001183,fea00787eb034cb2a11e8086a48db88e
M001184,934e4f88bc3844d9a64f9c73fa83766a
M001195,
M001196,
M001187,aa5272abe648488a9975b3c38621373a
M001188,e1284c410cd84c8080503963a046c743
M001189,4ca63d0e3dc34c4f94366d45329b760d
M001190,b09d9ff8a0bd4ae3973eada9b3b62cef
M001191,07640c627155434ba3be6fbfadf65bcb
M001193,12ee202480a84732948faa79aaf0293e
M001194,66fbc2beeeac498e8c909da35b394f29
N000015,1cbfdfbf32284d2d9468afab31eb1df0
N000032,5a1a3576871e459e9bb0af1a1d5cd826
N000127,52c29eca5ca04cc4b69d741d776e7db4
N000147,867b71f6cc894c4ba3e95c2d8c2bdf18
N000159,486da3a2654f46c2864ef21cf0fb4237
N000179,bebb939bad4f4b2f808e44b5f84bfd15
N000180,96a8615e99f3470cae19d800df08d3d3
N000181,122324cfb0db485cb8f1b04369154b2c
N000189,
N000183,823aab80fbe3429391069ff7205aa9ae
N000184,168ab1953d4f4d30a985f9bd41ccc89a
N000186,5f879ef4397f40d5aa225e724d26edeb
N000188,5a36ddf4995746ba9b864f47e7e491d0
O000006,f8763738945d4a4380afa2ae874649fb
O000007,bb9a33da3d284e57ad6eff37bd47a4d7
O000085,7e8a99d65a984e6b8160942b7769daf2
O000168,4e091859472b4257b15caafdf6fc8f48
O000169,639f9e218d8e45a7a154b44c7e60cec7
O000170,59fd391757a642ffb541248c19add93e
P000034,fbfd1e25bbd54c5b8691bd3c56e3f331
P000096,e51aee1088c9425e8667fe3f6846f3d2
P000099,61b82805e2b4493cbb216019e5d4fd33
P000149,b97a700cf43549acb199371384ab3e7e
P000197,85ab2e74589a414495d18cc7a9233981
P000263,e904372cb7e544be9fc8af7313fdb1de
P000265,d11c75294ed74803b546afb2cdc595ca
P000323,fe286a522c43480c969682b6115c1e8e
P000422,874cfe71927e4a62acc294b5769154f6
P000449,f062e216cb9f4a29a8ac0e7353d1d01e
P000523,4afec43dc23f4b40a7cefc31dbd6582a
P000555,89a71134b34644d7b6ad6159c8c68bf5
P000583,6ee0ac519a08490594ec3fbce3ce3d8e
P000586,8d06ef606ba14abab7b6f2d64fc148f4
P000587,13bc137f194e4912b32eea2f8da7ead0
P000588,3a35c6915df449aebc487407a3889d94
P000589,9b82b3a4c0594a368421cef201d62a15
P000590,046ce370088a489997d92271f36249ca
P000591,232901b5e78840cfaaf4389cf6e0df95
P000592,bc182a1b25284d9b8fee052889f036d7
P000593,ce6e4a3f1d8046bbaab4af8c2ed9f5e4
P000595,5946ea294dd042d9b9f4d25ea7bb638e
P000596,d5359486708c4fcfa3f73bc0b6de77f1
P000597,bc890c70ed394f78a542cc8a34ca3a97
P000598,5703dfa7b4f6426c949c82bf7705575c
P000599,928f43cea01e4f08a33f4b24971594b5
P000600,f2b9cacab24b4532a7916d969c1d3fb4
P000601,018e5c0964614d0882138d77e1052be4
P000602,8f768c08e1ce4a43a4c7044fb7fe8d10
P000609,
P000610,
P000611,
P000612,
P000604,26b76f34059c42f5bbbd827b5f8166c7
P000605,a3be19b86ce444babbd31bab9743a003
P000606,9bf0ffeefce143cfb0ff4a0e1d017737
P000607,e775eaa948444f849349cd99ffe8d416
P000608,51e104a9b3bb45b1a2917aa774a25eec
Q000024,2531e7ed096b48f0b589a6f3eafe8b2a
R000004,b1f2e9eb67b843a296759b607a7054e3
R000033,5f9df674533a4b4ab2a020e51a131679
R000053,c7bae5b1210d4861b0445cde83222efa
R000122,f4620a4b164e4b919c74e41ad38460a4
R000141,da91ce16cf8c4f3ba7685d50e35e2f50
R000146,b875d19789ce4c88b276a607202b362c
S000018,0705ffb0436841bfbef54a887dd7ad05
R000307,0b2402aa5e3943ccaf12e7e589b85c66
R000361,59c5b66cc5e94e05b6d5b97c10fdf2bf
R000395,80b2a622c2ea4d3f8de8a4b7e3a139db
R000409,17a9fc2028d64f1292eea1f7321c5b3f
R000462,ddec5f9d6bec48b5a46b46e96f2d4424
R000486,6bb34d3724b4424cba020b157ab21642
R000487,7044206f29714d3e879b8d5755a621f3
R000568,63a7f21e19a04f64bf1b27514c87fbf8
R000569,25e7a3c8e7c1429eb06eea790881d4a2
R000571,8cde611c6a554f099ce7e627209172b2
R000573,fbdc9f41bf4943649d5665b99aebab46
R000574,85813abab0604f2ca3382487c0dca97d
R000575,c3bab173af8c418392bf7600abe660d8
S000275,846b3239a2464b21ad2d38a62599313a
R000577,3df139483e7b42ad8535444bdaf30d30
R000578,2fbb2c967019428a807acafa1c6d39cc
R000580,bed19b9ade7d4790817066a041978fe6
R000581,6d98c9c6935b4758938e478d6794a78a
R000582,b8c5f7b6c3b645d69f1450dd846a702d
R000583,d03ab18d49e648d1bc3ac63cf61f8c85
R000585,f0e31da1fd6b41c19674fe2901f31df7
R000587,11bd6ed724be4cb09a12807d800f35fb
R000588,a5b25d4323cd4feca478301959787daf
R000589,ed77d4ca071b4e9c906248d122ff284f
R000590,cedbdfa9bccd495ba80bf2a1565e2f9e
R000591,87a4df31e002449d9534e17c14c5f317
R000592,452c1b4e94e3403682c2972303a22e12
R000593,16d1d001b4ba487c894b978f0191636a
R000594,9329032b509b496784fc7a31b1103e78
R000600,
R000602,
R000603,
R000604,
R000597,8f27be0946274a57aee2610a692d101e
R000598,eb3523863f0c4b26ad49958c081596df
R000599,076fd7ec366e4b4a9c11b3594b6efb93
R000601,9e4f9051976f49f3bc73edb0440b6999
R000605,35db3703b5cc482fa98aa982840de64c
S000033,d4c558e3d9a747f6bead48799b279be3
S000051,4b109b648a954733863bb56fc20db098
S000097,90bb82ecb77148e1a6a0bb2248d61e5c
S000148,e708669995e844af90f205003683f2fa
S000185,d455c6ec610c4c33b086293092defe32
S000244,e57cb9f84ff5480e98eb02a6fcf9a704
S000248,b2a512ed1d1142cab592c200311bf02d
S000250,9cad0a9ea4be41819f570954afd7b496
S000344,4a49c109d29549df850dbe27b8cabc12
S000364,8167ea8dacaf42c2b5f82272eabca661
S000465,82b276fb5dde4d2eb97d2ab26472d7ff
S000480,9599816f8022458c8940279b80c8f12a
S000510,132bd6de165540159b7d7fc51c8e9253
S000522,8caaa00c451748d88555ec4f325f4aba
S000583,244c6f7f33a048968dbea9cf0b00282a
S000709,012a8bd14e5441adbb153840afb5b674
S000749,424df96d319348a9b2e3964e86314ff9
S000770,f0b2ed36768d4c99b3ba68d3a553d8d8
S000810,6b159f6cbcef4bc6a338b217bd019b33
S000888,145a49a55ba74d2fa7a4b7f86ce05c97
S001045,ac937cccb2e244038c7831483016d402
S001078,edc5157f7ea94c71bc59074b17c49062
S001143,ac090188a15d481e8b18dcc089abda92
S001145,e5221b6ac6524c4786ec36097ceabb1d
S001148,f7c014715b7a4f0ea0aae56377c005fe
S001150,f69c638784ac4c2e8927765b450574ec
S001153,28aeeba4d6c440808944152da538de81
S001154,32887b242ec74a87b45066f70031e13c
S001155,585231b49160438c8019353f5dc4d293
S001156,9d5030bed1c44dbf8e1de5eb80a06926
S001158,25615c1f07254d3bad690d7759269a78
S001162,fa92c96e468149eeab771564dff93ec7
S001163,7041cead5b6542f8b8641655517b1664
S001164,7b6bc389381247689136a9fd709966cb
S001165,abd1d0dcce26437f8254e98a60d96db3
S001167,aa9772d4a93b48eb8ef90cc5349c9add
S001169,da9f8c9428cc4c9abda3841291ff90cc
S001170,a3cd4e6a22674701affdd05b5956b337
S001172,5012485cc80447978c31ec52d65597d2
S001173,ff21d90c55f74bb4b3160591053ae49e
S001174,5d5422a948c64345a12178cc6c06c64f
S001175,f2f650952cd7452f84db5e35af362eaf
S001176,b3bf01adf2fc43209381e342e83ef6fc
S001177,fc7eb0e7bbf94ca0ab421a1de03b5a7d
S001178,4cdac57225004a9d857369416a4e2a4a
S001179,9471015ffe784d9c960721f08ba23e44
S001181,32ad9016f5a54f1f91b2ac8aaa1deb88
S001182,366ee1660de94c6ca630b115061a96a9
S001183,2389345c735a4ec7bc6400105ccba2cd
S001184,50d3f8e50a874c27a06fc89e4a1547b9
S001185,33e87aacd2f244f7a2ceedec1d1cf27a
S001186,5cc44084f32546eda1a4af085b6bf237
S001188,8429e91571f249ac9309a1577661db5e
S001197,
S001191,fa377a91532e4900bb6b99ae970290bf
S001192,871bf59f14fd425da0fb22208d1206a0
S001193,06e12bba11254c38962b1e2aec193831
S001194,2e2e3a586702436699d0070b7031ba31
S001195,e4016848f6d148feb2f5eba018188534
S001196,9cd36910acf740e7afb0f58e52b61aa1
S001198,340960b8a34144a68b0cfb207c7b5e67
T000038,f1fc1b67d8984ab3b3cb49d144e4b1b3
T000193,9b27589ad6f740778bfe3b60d841a285
T000238,2f662139b6c542b2b72de2a480680408
T000250,4ab80c29169f402d8c2e74cced58c24d
T000260,2f59328ec8994c10abf4ecbd3d570491
T000266,4d2ca8dd6a314bda9125abb5133cdbd5
T000326,d5e5e3937a6c4e21ab0f0c5b5f601bfc
T000458,ecd32ff02bbf4c41b1f83b37e42c1339
T000459,066c5ae891da4d069d613d8c90be714b
T000461,f661eb3826f3416da845e078ee19d8a3
T000462,f8463d0cb5c74397afc623195e6828c9
T000463,578bae17515c4ac89c8f4abe2f2806aa
T000464,0aab575c5cec4e36a2529011488c00fa
T000465,f5b07ad6544c41919ca2ced56c0a46f0
T000466,8bece071d84449109c4daaf837972a23
T000467,89139f3637214aad9640c974dc65f7b0
T000468,be20f3d5548b465c81634c7ed9b005f5
T000471,5ce1dbecddbc4dd8bba97b42f15e25b5
T000472,a68b3519ec7a408396600791b577536e
T000473,847644bd6b674c2287b3d1f691288096
T000474,43260e262c3842d8a1af57ec1e8b6eb4
T000475,04b5338a222c40188b94a869a224d05e
T000476,b4ae171c7eeb4c07952c78412abfddff
U000031,673b82ae1e2745ff9ee21a8ca1462518
U000038,da73e969cfcb4c22824ff941bbf74159
V000081,c2ae3be4b9474e4395c932e9376f0a82
V000108,d68498cff57e4f0c99cbf00e46384411
V000126,16ddcd573c824f11bf6d4e4bf243fcbe
V000127,b3b310d15dfa404bb575705b7d1e5c0c
V000128,86b74a6c75c64a448aad0709c4af371f
V000129,a58260be21f143e7badeec0b52a755f3
V000130,722f9397a19f4c52bb91e20f6e25ca8e
V000131,f7f2df7e506b402ab35e278f17b89e63
W000099,51c5f36ed9a446b39ab72a5ab7b410f1
W000119,e174739445eb404caa63818bcb2586fe
W000154,36e671fe438e4fef85e52fe9dfad8b15
W000187,96edf548cd6c4c0f9e3a1ac28c279b0f
W000207,c17641e1cebd490fab943db05c75fd2d
W000215,da063c10e7a74df884919cc38fd3006d
W000267,8a2d10952ef146f0a29055432dea0e71
W000273,bd123b596f314849a6e239676602e28a
W000314,52c884466b444bb78e776bfcadd9db5f
W000437,159c40291deb455596155ded63972bf4
W000672,96bd253297cd42b689edb1549decde78
W000738,b90e1a1571864660a8d7fa39a34331a7
W000784,a066c852336643608ab0f3b5858c8aee
W000789,d29c7773288b4850b753c963ae65f7db
W000791,ccb067af97274f87afe80fadf9813be2
W000792,457383080bed4c95aae3b92c28fb947f
W000793,2de58c0bd50b4473847ede0c1d922977
W000795,f46e5bf9c795465f866ff8c8b445099b
W000796,d63cac1343ac4b1aac072e458e99132c
W000797,542dfea8e01a412e96610be64840f595
W000798,bd011d12bc3c49fba6cc800ffb33a586
W000799,d0a7e006e79642ec8f5e53ab8234e2d3
W000800,eb83f3379f0f4d36ab20a1a6f4b93f44
W000801,0d2b0630b58b461d99684fcc97ee7968
W000802,64f4b76b98b440cc9bb6b8132cb8fba7
W000804,495a271fea8445eab2acbb90997f8507
W000805,631dcecf4cdc4019bfba915664b1c41f
W000806,44906f4a2b534a60bb3d68a9c8ec74bf
W000807,fc4314f7c7cd409c9df61be0591e27e2
W000808,70eea308f2a043f2aac0b5b7615170b2
W000809,8ac17c37b29245b68fa57275cde4c3c5
W000810,66d9d6d94dec4e36aeefd74d4b5d365a
W000822,
W000813,e0325df9dd45419b93386f12a2b24078
W000814,c33ce427ed0148fcb61a9a81453467ea
W000815,cf768e4a32374d93a9ef5eba17d20c1e
W000816,5ded495cb4b54079aaa2157b6809bc0a
W000819,56f3daa153564e82b93a2c12ecfbb8cc
W000820,2f897e12f159494f85b6c6a3e3a08b6e
W000821,a54477b83ff74c698c4756b81b7b3d71
A000014,67a29bab080b4debbd3f28dbb8396b78
Y000062,dd3d539d8f9b4df6a72d8cd41eeb1853
Y000063,897f889716424951934fc6169c975f9c
Y000064,3b281719520a4045a4fc2d9b1a9a6116
Y000065,23541d8f64f64da8865bf4f2f22776b6
Y000066,7a958311338348c5a0c6eb0c3b385f43
Z000017,b842525ab7f040aba47477a161da7ea4
Z000018,ad27d6faa02c41c083cce9516d12505f
A000022,bc93f134a2dd49f5b0b47994deb59d4f
A000362,554bcb86b2bf40709ef5cd7ec79013b1
A000365,1297193941f948169bee19234c9b89d3
A000367,8c43b91919e6495d9e9571f01572490a
A000373,9f0b7253b66b4dd9be5576167419042e
B000013,d73266aba56548afa813ce9bb09fc3e1
B000382,8e2a99920bab483bb92fa3e64f1b4b44
B000589,f990d08287c34c389cfabe3cbf3dde99
B000652,147bf690398c4fdcb37695eb402434c2
B000953,44710063ade24a2eb1fc4c3f87bcc805
B001135,2c44128cb0a74cb28409b806aee12aef
B001231,178edf596d6443ea95262c3606deaea5
B001234,c8b3fcf26a1c426fad4b7976838d6251
B001236,49d55b964f484b15bc40be1be79d8f68
B001244,e4e6b38b7b904f8da84d1ec09c51181f
B001255,d392545fba7248f38a5ca25bcda2ae6e
B001265,c30bd42742f647a7a5bb5181df5b1f56
B001274,86365334cfbd49dcbaf28e501131c126
B001284,15347c62305d4b79869577916d2b4f88
B001295,5202575f4ce14662b033339c25f6f535
C000059,d952c511f6234e559f9616d3768dcaf5
C000127,90fd6c8c94a749f9b25287a19c8b89b1
C000243,5a44bdba9c0a498fa59d053edec19c36
C000560,a35e1d49beec4d2b9bde818d165150d8
C000705,68d9bd23862047adb91019dba06be4eb
C000714,33ea88f43869464ca0553189689f1dea
C000794,7995e37ab0c348c999cbfada499d01d3
C001035,e6411dc48ad84bc9af5664222ab73c1d
C001049,b2e5b793ceff42baa2b058bb43348223
C001061,16b152b77e904b2d96204fa8002c410c
C001070,6270f8364eac4b0a88a117c008011e06
C001080,ee6c7732fb5f414097dbca3dc44f11c4
C001090,b24855f553b9412e9fc3e9c0d60d947b
C001101,a141629ed16a436b99ad8c77d9326944
D000197,d34cf814990a4f8a9263686d7d08a437
H001032,0ea17932c8c74377a1d9e2906bcf64c4
D000399,3a654ebdcf72417890b34c0b6e50a3cd
D000432,a29e136fb7244022bed5f1ca59c47fc5
D000482,6ac7f3e304754f5db07ed5c2b7092781
D000533,1f399f45650f4e3cb3f31d830d645a89
D000600,342a6bd1b53b4e8cbf2dd35e8b01d461
D000610,4d2956f6cae2492496086b00abbaa0eb
D000619,4376c0fa29364da595afb32668c02b91
E000092,4461f0453eeb4bd0b55574c4e3468b2a
E000194,703d4b7c37424ae0844d2a0078628644
E000215,478339ebafba49f0af6b7322d094534b
E000288,69450767ce3c46bda62793e3dab644f6
E000293,0423edf5071e4fff8f2dbea20e179c61
F000010,d60c394f2d93426b829541c40871d55d
F000339,03576b80ce864df49545447f642a6ab3
F000372,9e7e3bd08a4749d68ab359b0bb9745a3
F000445,984fdab134a248a9a42241e0f7cc6c60
F000450,cdddc7b2e5c047109ac0a91d3ac05ee9
F000459,27fad0b2769a44e2aff0ef83489a7517
F000460,c722c9e9de734fa5bcf88139d95f4d03
G000021,2630a885d4274c009a318286771abafa
G000289,26787e20a4c547b68922aa51339963f9
G000548,e1b2c3b28df647cc8b160d341304e718
G000558,fe27024e69c5429fb93d25bfbb7228f3
G000567,a78d6b50065444d4b2d329c245055194
G000571,aed66135a2e64d2bb1d58d1c0c6093e4
H000206,612842b535bf4f08bb383c6a26e4546b
H000676,ee58b1dc41824d21aa87f9e9063aa0e7
H001034,640f37395b854e06857289077e8bea8a
H001038,4a8010bf5ec349fa95cfecbb8c060c0a
H001044,d2a3c4ad36634db9ac773f05ef71b123
H001052,b52cdcc185a74129885d1ab6f5eee532
H001053,67eee71321b545f0b04b910fa8b9ff1a
H001060,d211bc3c7fb04a60821698bab75b64e7
H001062,ca83fd5c7f07489aa0ef5788fc6bcb00
H001063,480f46fdebbe4b299dbf5c49e209ca61
H001073,5aafc540321a4905a7b85061939ae7da
J000070,2aa12276ead548609adcf03533c28501
J000126,be44aebb66e74cd48690d154262dfb28
J000288,4194d12bd85c4262827926a43e388429
K000008,a6b13fbfd8be4be190d8346ebe9116d4
K000009,82591166a0da4655b5f79d72d486b7dd
K000288,5212657346ce48588f4216a217c989c5
K000305,58926c71f0174bd2b18dbfa9ff4668b9
K000362,ad5474bd3d43436982b5243d0897decd
K000366,7d577ec61ce5472481d17c6d3068abfa
K000375,595b4e788e3e4c0a9979c25466716c49
K000376,db1cbdfc33194288a15e2542771b4c17
K000387,723475a90e2b4a54be55b11cc54f4c3f
L000111,156426c3590847128b18b91c7ed7df13
L000274,ba7909715d1d4da7baa9df965cdda87f
L000517,1671676e46ce48e3a5328d3a17152fcf
L000562,0f155c1daf5b438ab0b465652ac92b8b
L000571,9ed4a9a7d54a470e886cc6a9b2837a69
L000580,75b7c29435044f7ab33ca3c1ada74754
M000087,4f506ace5301432d82b42b401e8bfb87
M000355,642cc1f461c445b4b7f008e1fc61c415
M000404,a7a7a868f8d6492b8545dbdae82c386e
M000639,54d97a78a98948719ec1c0b58ce2298d
M000702,ca16a38f58f743fa89e9344657226d18
M000725,7456235a10bb4771b8578b709ac7ec60
M001134,3233946a175949b580b18e57c43e21cc
M001137,f2e8a15a4f1847aea0df540731b498cf
M001148,e513c527fe354057b1b97543cc4b9d43
M001157,7f8afee68c744043b43b5d4372fd0b9b
M001166,01eea35c6f99408f968a0617142aeb29
M001176,8170bb00525e4c028c752d923bb9a4d5
M001185,da4b8e25cc54403ea76ee88841e329c7
N000002,cb6d61b2917a4d119918c302e1cb00be
N000182,8d4d32c70c9445d59b299a06aecd4797
N000185,4782bf9d8265467d9292dfe287cf3e72
O000107,1e60e348d4444d7cbc1ca9c72a226bba
O000167,4148b26f6f1c437cb50ea9ca4699417a
P000258,c84099ce5eb64a988f1705b7d052cf61
P000373,b7b91e6071684e9f91ea062cd73f4aa6
P000585,906e90328bde45c5b1edb77059136186
P000594,334a36f20cd84104b9fbdbf7319f7930
P000603,1c363e2e6c1d49ab972cb2a084cd92e3
Q000023,3e025578600547b9833a303bf4d0b54c
R000011,b1939928e8ab4dc2b50ff24fbfc1e6ff
R000170,ab10cec6bc9b44e3a601d991fedc3a73
S001168,2d96f89c25b241a6bd72a79c70b4e5fa
R000435,9bcc76dc28f748ee983702213ef98a73
R000515,d06f13db42d842d38a6505b0d66977d3
R000570,474e8f584c074198b768cb985c604232
R000572,a27f164395ca4f68a26c1ca3040c10f1
R000576,6965e4b1e5c4449dba46c9de2cfa9915
R000584,c38d612a6b7e4a968598e6588e28f87f
R000586,5be4d196e74d44b382ff03337edebe54
R000595,adc3347820d14b8e9468880e3eb010f6
S000030,76bef4d30bdc4d0981d9f07abfb57812
S000320,9b51f83dbc9949b09bfa8dcaa80472f2
S000663,9f88d333363e48f4a7ddc1f03e3b0e9d
S000672,8caa424f932040ce947e17b40c993754
S000822,042b29198147400a87964d41f92959e0
S001141,8baa02e9e4364e148a2ebc60b32686e5
S001142,0a69128701d2482cab320088b6a17ebe
S001144,a4b90c7c305845f7be118e17e15bc817
S001157,399cda56671643bab92aee2cb3819dc5
S001171,d9121e840d7d426690efa66d32a1e0ab
S001180,6f48017cfaf24da1be8f3fca4b637597
S001187,2df904c75ad94bb792b817aceda05e8f
S001189,4566aa4fea7a4d0da79e8aa27694ad25
T000057,a3c8812d2e784d09be7354ef133fffa4
T000074,db54ce00967d4af4b5bd0865ee279c6a
T000460,024e50a5e06d4cdda86f07b5a44c2228
T000469,996d2f5d32c640e3be424680d4ce59fb
T000470,a8bc8f4ddaf94e378c5ad653ca5448aa
U000039,bad4ae898f574de6b590a62423d02f03
